id,name
4877,zeugnimoD enotS
3572,sretlaW sivaD
201,pihsneknalB nolliD
9843,rebeW xonK
9131,niaC sivlE
5509,sillE llewxaM
8200,yelleK nomaD
4652,drappehS repraH
8749,ssoR tterB
8156,arerreH arI
9891,niffirG ssoR
1433,nooM nalA
1679,sreyM enaZ
1993,yeraC namdaC
3812,sttiP yuG
546,reppoH nhoJ
2499,nohamcM yrreP
8927,yenahC haiasI
9667,nahguaV notlaD
7012,aijeM siroB
7348,tsruH yrreP
8328,retalS omlE
7169,enolaM nosmaS
147,eleetS enahT
5621,yrruC sirreF
3349,namlliT reldnahC
6754,niaC tobbA
9891,dluoG yrraB
7425,reyD kilaM
500,otoS eseeR
5445,nosmailliW nitraM
5359,nosillE lebA
504,sniktA nimajneB
6403,trawetS dorreH
7434,pmeK namdaC
9522,yeffoC htenneK
7751,ollitsaC dnamrA
5032,ekralC legiN
6931,revolG kcaJ
3278,notluF noyneK
5021,revaeW nagaE
6085,dnomyaR kiraT
9417,naolS eseeR
5676,mahgninnuC nitraM
2782,sacuL nosmaS
1313,notsgniviL werD
4982,rehgallaG rehpotsirhC
4444,llamS nitsuA
6096,kooC enaZ
5745,notelddiM nebueR
8221,yellaT suhtnaX
4616,kcolluB haisoJ
8482,eraW ztirF
8638,nottoC oihsoY
3925,hcaoR tyoH
8854,renkcuB ruhtrA
3200,rialB llewxaM
3329,segdirB eseeR
472,arerreH nannerB
8084,egdeltuR naI
8881,zeuqraM yelseW
7929,semirG naloN
524,hciR etnaD
1258,elyoB nosiddA
3453,ttenruB nosaM
4123,nallimcM maharG
7926,ecyoJ rekaB
9266,recnepS retxaB
7856,nanahcuB dammahoM
9554,nosbiG nedsraM
4710,yeneewS yerffoeG
4027,namkciH saiboT
9040,zerauJ gninnahC
2635,odagleD enoryT
1649,daehetihW ludbA
4355,nagoH noraA
2694,streboR mullaC
8723,zeleV nimajneB
8275,srednuaS tloC
3331,dradooW niJ
157,dleiftihW navE
981,gnimelF hplaR
4805,sretlaW notlE
1450,hcruhC nivlaC
6683,noskcaJ leinaD
7093,setsE leunammE
7062,samohT tterraB
1126,rettoP ecurB
2360,spillihP siveB
8929,sniggiW giarC
7516,ttiurP kciwdahC
5471,skruB nadnerB
7322,nostreboR leinaD
4036,lliH nailuJ
8182,yaM nahtaN
5659,eornoM miahC
160,kcorB rednaxelA
1497,remraF esahC
3246,nolliD gnaW
1306,sdooW siuoL
5772,kcaM hsimaH
2931,yremogtnoM kraM
5458,dleiftaH gnidraH
3131,trawetS ttocserP
7351,pohsiB naitsabeS
7663,snomelC noyneK
1393,ztluhcS llirreM
8418,redliW dnamrA
6898,elaH ttayH
2226,hcaeL meekaH
6400,skrapS nalniuQ
2713,revolG sirreF
7744,drofnaS eegaM
2312,renraW suirtemeD
6255,dlanodcM nonreV
2825,yenaH nelluC
117,yrrehC oreN
2652,ssalG ekuL
1906,dyolF meeraK
9537,sreyA nocaeD
6654,revilO notloC
7178,gnidraH kralC
3024,remraF htiaL
9273,setsE enaD
2340,yessaM yenooR
6235,swodaeM mailliW
8153,llehctiM nivlaG
9477,yesdniL risaY
8026,etaT ruhtrA
4430,stnemelC yaluacaM
3822,nidraH leliH
4703,ttobbA sumsarE
1042,aleuznelaV ydarG
8838,nottaP rotceH
3037,rrO yrreP
5334,gniwE enaK
8934,notweN nalniuQ
8031,hsotnicM leinaD
5207,notraB nebueR
4482,snewO naI
5834,yenraC tyoH
9571,nosniboR nomaD
8954,releehW nebueR
6528,sopmaC edalS
7531,arerraB namdaC
5003,arreuG remlaP
8533,notxeS odaroloC
2959,nitsuA ramauQ
8227,sreteP mullaC
6949,dnalwoR tobbA
1199,hcaeB semloH
1318,orerreuG kcorB
2096,sknarF yremE
4776,zitrO notaE
2835,eeL rimA
5351,notxeS nagaE
